ID,Name,Outline Level,WBS,Duration,Start,Predecessors,Milestone,Resource Names,Baseline Start,Baseline Finish,Notes
1,Initiation,1,1,,,,No,,02/03/2026,11/03/2026,"Simulated project: fictional company, created for portfolio and learning purposes"
2,Business case and options appraisal,2,1.1,5 days,02/03/2026,,No,Chidera Ikenna-Obi,02/03/2026,06/03/2026,"Simulated project: fictional company, created for portfolio and learning purposes"
3,Project charter,2,1.2,3 days,,2,No,Chidera Ikenna-Obi,09/03/2026,11/03/2026,"Simulated project: fictional company, created for portfolio and learning purposes"
4,Stakeholder analysis and register,2,1.3,2 days,,2,No,Chidera Ikenna-Obi,09/03/2026,10/03/2026,"Simulated project: fictional company, created for portfolio and learning purposes"
5,M1 Charter and business case approved,2,1.4,0 days,,"3,4",Yes,Helen Marsh,11/03/2026,11/03/2026,"Simulated project: fictional company, created for portfolio and learning purposes"
6,Requirements and supplier selection,1,2,,,,No,,12/03/2026,07/04/2026,"Simulated project: fictional company, created for portfolio and learning purposes"
7,Current-process mapping workshops,2,2.1,5 days,,5,No,Chidera Ikenna-Obi,12/03/2026,18/03/2026,"Simulated project: fictional company, created for portfolio and learning purposes"
8,Requirements catalogue (MoSCoW),2,2.2,4 days,,7,No,Chidera Ikenna-Obi,19/03/2026,24/03/2026,"Simulated project: fictional company, created for portfolio and learning purposes"
9,M2 Requirements signed off,2,2.3,0 days,,8,Yes,Dave Pearson,24/03/2026,24/03/2026,"Simulated project: fictional company, created for portfolio and learning purposes"
10,"Supplier shortlist, demos and scoring",2,2.4,8 days,,9,No,Chidera Ikenna-Obi,25/03/2026,07/04/2026,"Simulated project: fictional company, created for portfolio and learning purposes"
11,M3 Supplier selected and contract signed,2,2.5,0 days,,10,Yes,Helen Marsh,07/04/2026,07/04/2026,"Simulated project: fictional company, created for portfolio and learning purposes"
12,Design and configuration,1,3,,,,No,,08/04/2026,12/05/2026,"Simulated project: fictional company, created for portfolio and learning purposes"
13,Solution design and data model,2,3.1,5 days,,11,No,Sam Carter,08/04/2026,14/04/2026,"Simulated project: fictional company, created for portfolio and learning purposes"
14,"Configure enquiries, quotes and pipeline",2,3.2,10 days,,13,No,Sam Carter,15/04/2026,28/04/2026,"Simulated project: fictional company, created for portfolio and learning purposes"
15,"Configure jobs, scheduling and service reminders",2,3.3,6 days,,14,No,Sam Carter,29/04/2026,07/05/2026,"Simulated project: fictional company, created for portfolio and learning purposes"
16,Accounting and email integration,2,3.4,6 days,,13,No,Sam Carter,15/04/2026,22/04/2026,"Simulated project: fictional company, created for portfolio and learning purposes"
17,Field mobile app set-up and tablets,2,3.5,3 days,,15,No,Ben Ward,08/05/2026,12/05/2026,"Simulated project: fictional company, created for portfolio and learning purposes"
18,M4 Configuration complete,2,3.6,0 days,,"16,17",Yes,Sam Carter,12/05/2026,12/05/2026,"Simulated project: fictional company, created for portfolio and learning purposes"
19,Data migration,1,4,,,,No,,15/04/2026,12/05/2026,"Simulated project: fictional company, created for portfolio and learning purposes"
20,Data audit and cleansing,2,4.1,10 days,,13,No,Priya Shah,15/04/2026,28/04/2026,"Simulated project: fictional company, created for portfolio and learning purposes"
21,Trial migration and reconciliation,2,4.2,3 days,,"20,15",No,Sam Carter,08/05/2026,12/05/2026,"Simulated project: fictional company, created for portfolio and learning purposes"
22,Testing,1,5,,,,No,,15/04/2026,18/05/2026,"Simulated project: fictional company, created for portfolio and learning purposes"
23,UAT scripts and test data,2,5.1,3 days,,13,No,Chidera Ikenna-Obi,15/04/2026,17/04/2026,"Simulated project: fictional company, created for portfolio and learning purposes"
24,User acceptance testing,2,5.2,4 days,,"18,21,23",No,Dave Pearson,13/05/2026,18/05/2026,"Simulated project: fictional company, created for portfolio and learning purposes"
25,M5 Go/no-go decision,2,5.3,0 days,,"24,29,30",Yes,Helen Marsh,18/05/2026,18/05/2026,"Simulated project: fictional company, created for portfolio and learning purposes"
26,Training and change,1,6,,,,No,,25/03/2026,15/05/2026,"Simulated project: fictional company, created for portfolio and learning purposes"
27,Change impact assessment and champions network,2,6.1,3 days,,9,No,Chidera Ikenna-Obi,25/03/2026,27/03/2026,"Simulated project: fictional company, created for portfolio and learning purposes"
28,Training materials and quick-reference guides,2,6.2,4 days,,15,No,Priya Shah,08/05/2026,13/05/2026,"Simulated project: fictional company, created for portfolio and learning purposes"
29,Office team training,2,6.3,2 days,,28,No,Priya Shah,14/05/2026,15/05/2026,"Simulated project: fictional company, created for portfolio and learning purposes"
30,Field engineer training (two sessions),2,6.4,2 days,,28,No,Gary Hodgson,14/05/2026,15/05/2026,"Simulated project: fictional company, created for portfolio and learning purposes"
31,Deployment,1,7,,,,No,,19/05/2026,04/06/2026,"Simulated project: fictional company, created for portfolio and learning purposes"
32,Final data migration and cut-over,2,7.1,2 days,,25,No,Sam Carter,19/05/2026,20/05/2026,"Simulated project: fictional company, created for portfolio and learning purposes"
33,M6 Go-live,2,7.2,0 days,,32,Yes,Helen Marsh,20/05/2026,20/05/2026,"Simulated project: fictional company, created for portfolio and learning purposes"
34,Hypercare support,2,7.3,10 days,,33,No,Priya Shah,21/05/2026,04/06/2026,"Simulated project: fictional company, created for portfolio and learning purposes"
35,Closure,1,8,,,,No,,05/06/2026,10/06/2026,"Simulated project: fictional company, created for portfolio and learning purposes"
36,Lessons learned workshop,2,8.1,1 days,,34,No,Chidera Ikenna-Obi,05/06/2026,05/06/2026,"Simulated project: fictional company, created for portfolio and learning purposes"
37,Closure report and handover to business as usual,2,8.2,3 days,,36,No,Chidera Ikenna-Obi,08/06/2026,10/06/2026,"Simulated project: fictional company, created for portfolio and learning purposes"
38,M7 Project closed,2,8.3,0 days,,37,Yes,Helen Marsh,10/06/2026,10/06/2026,"Simulated project: fictional company, created for portfolio and learning purposes"
